pressure_altitude,temperature,propeller_pitch,manifold_pressure,optimal_power,optimal_airspeed,optimal_fc,objective_value
2357.142857140649,32.0000000002814,2100.0000000000005,16.599999999999998,38.82923811119721,103.56284620606564,7.08695067484064,1.9372114391002957e11
