pressure_altitude,temperature,propeller_pitch,manifold_pressure,optimal_power,optimal_airspeed,optimal_fc,objective_value
17509.69617868968,36.488192844463654,2100.0000000000005,16.599999999999998,47.37724065359818,123.57289070849629,8.341391914498228,1.936000000546222e11
