pressure_altitude,temperature,propeller_pitch,manifold_pressure,optimal_power,optimal_airspeed,optimal_fc,objective_value
2062.4999999934735,40.00000000109597,2400.0000000000005,15.999999999999998,44.11428797429534,115.90937383562522,7.490530904059458,6.401424651422592e11
